{
  "Normal_sensitivity": 0.9684466019417476,
  "Normal_specificity": 0.8907922912205567,
  "Normal_ppv": 0.9690346083788707,
  "Normal_npv": 0.8888888888888888,
  "Suspect_sensitivity": 0.8047945205479452,
  "Suspect_specificity": 0.9725726823916621,
  "Suspect_ppv": 0.8245614035087719,
  "Suspect_npv": 0.9688524590163935,
  "Pathological_sensitivity": 0.9257142857142857,
  "Pathological_specificity": 0.9891752577319588,
  "Pathological_ppv": 0.8852459016393442,
  "Pathological_npv": 0.9932712215320911,
  "overall_accuracy": 0.9423167848699764,
  "balanced_accuracy": 0.8996518027346595,
  "total_clinical_cost": 359.0,
  "confusion_matrix": [
    [
      1596,
      43,
      9
    ],
    [
      45,
      235,
      12
    ],
    [
      6,
      7,
      162
    ]
  ]
}