{
  "Normal_sensitivity": 0.9690533980582524,
  "Normal_specificity": 0.8244111349036403,
  "Normal_ppv": 0.9511614055985705,
  "Normal_npv": 0.8830275229357798,
  "Suspect_sensitivity": 0.7397260273972602,
  "Suspect_specificity": 0.9610532089961602,
  "Suspect_ppv": 0.7526132404181185,
  "Suspect_npv": 0.9584245076586433,
  "Pathological_sensitivity": 0.7828571428571428,
  "Pathological_specificity": 0.9938144329896907,
  "Pathological_ppv": 0.9194630872483222,
  "Pathological_npv": 0.9806714140386572,
  "overall_accuracy": 0.9219858156028369,
  "balanced_accuracy": 0.8305455227708851,
  "total_clinical_cost": 663.0,
  "confusion_matrix": [
    [
      1597,
      45,
      6
    ],
    [
      70,
      216,
      6
    ],
    [
      12,
      26,
      137
    ]
  ]
}