{
  "Normal_sensitivity": 0.9775485436893204,
  "Normal_specificity": 0.7815845824411135,
  "Normal_ppv": 0.9404553415061296,
  "Normal_npv": 0.9079601990049752,
  "Suspect_sensitivity": 0.678082191780822,
  "Suspect_specificity": 0.9692814042786615,
  "Suspect_ppv": 0.7795275590551181,
  "Suspect_npv": 0.9494895217624932,
  "Pathological_sensitivity": 0.7942857142857143,
  "Pathological_specificity": 0.9953608247422681,
  "Pathological_ppv": 0.9391891891891891,
  "Pathological_npv": 0.9816980172852059,
  "overall_accuracy": 0.9210401891252955,
  "balanced_accuracy": 0.8166388165852855,
  "total_clinical_cost": 655.0,
  "confusion_matrix": [
    [
      1611,
      34,
      3
    ],
    [
      88,
      198,
      6
    ],
    [
      14,
      22,
      139
    ]
  ]
}