feature,importance
Mean,0.1450865
ALTV,0.13887188
ASTV,0.11546279
AC,0.10492357
DP,0.09867315
Median,0.060583007
LB,0.043742143
Mode,0.039728366
DS,0.035175443
MSTV,0.03377888
Max,0.025654696
MLTV,0.021300042
FM,0.017379375
DL,0.017353699
Variance,0.017310608
Tendency,0.015426492
Nmax,0.015316456
Nzeros,0.014103614
UC,0.013990326
Min,0.0134638995
Width,0.012674997
