feature,importance
MSTV,0.16453087
Mean,0.13145109
DP,0.12418289
ALTV,0.093765154
AC,0.07460882
ASTV,0.07111767
Mode,0.045427125
Median,0.03066254
LB,0.03058029
Max,0.027962895
UC,0.027926916
Nmax,0.023515137
FM,0.020768244
Min,0.020198047
Variance,0.020101445
DL,0.019952687
Width,0.019895507
MLTV,0.01781461
Tendency,0.014920671
Nzeros,0.014867961
DS,0.0057494603
