{
  "Normal_sensitivity": 0.9824029126213593,
  "Normal_specificity": 0.8244111349036403,
  "Normal_ppv": 0.951793062904174,
  "Normal_npv": 0.9299516908212561,
  "Suspect_sensitivity": 0.7294520547945206,
  "Suspect_specificity": 0.981897970378497,
  "Suspect_ppv": 0.8658536585365854,
  "Suspect_npv": 0.9577314071696095,
  "Pathological_sensitivity": 0.88,
  "Pathological_specificity": 0.9927835051546392,
  "Pathological_ppv": 0.9166666666666666,
  "Pathological_npv": 0.9892141756548536,
  "overall_accuracy": 0.9390070921985816,
  "balanced_accuracy": 0.8639516558052933,
  "total_clinical_cost": 468.0,
  "confusion_matrix": [
    [
      1619,
      23,
      6
    ],
    [
      71,
      213,
      8
    ],
    [
      11,
      10,
      154
    ]
  ]
}