{
  "Normal_sensitivity": 0.9733009708737864,
  "Normal_specificity": 0.8972162740899358,
  "Normal_ppv": 0.9709443099273608,
  "Normal_npv": 0.9049676025917927,
  "Suspect_sensitivity": 0.8287671232876712,
  "Suspect_specificity": 0.9780581459133296,
  "Suspect_ppv": 0.8581560283687943,
  "Suspect_npv": 0.9727223131478451,
  "Pathological_sensitivity": 0.9485714285714286,
  "Pathological_specificity": 0.9922680412371134,
  "Pathological_ppv": 0.9171270718232044,
  "Pathological_npv": 0.9953464322647363,
  "overall_accuracy": 0.9513002364066194,
  "balanced_accuracy": 0.916879840910962,
  "total_clinical_cost": 280.0,
  "confusion_matrix": [
    [
      1604,
      36,
      8
    ],
    [
      43,
      242,
      7
    ],
    [
      5,
      4,
      166
    ]
  ]
}