{
  "timestamp": "20251005_175237",
  "parameters": {
    "algo": "svm",
    "use_smote": false,
    "class_weight": null,
    "cv": 5,
    "random_state": 42,
    "target": "NSP",
    "use_normalized": false
  },
  "metrics": {
    "acc": 0.8453900709219857,
    "bacc": 0.851003675089627,
    "f1_macro": 0.7704388184424406,
    "roc_auc_ovr": 0.9648689947710141
  }
}