feature,importance
DS,0.14503746
Mean,0.10290812
ALTV,0.10225961
AC,0.097324274
Median,0.08930759
DP,0.08423956
ASTV,0.081577554
LB,0.03771641
Mode,0.036728945
MSTV,0.032201365
Max,0.022001047
Variance,0.021342421
DL,0.01957709
FM,0.01930029
MLTV,0.01916457
Nmax,0.017079467
Tendency,0.014836692
Min,0.014669745
Width,0.014396943
UC,0.014194864
Nzeros,0.01413599
