{
  "timestamp": "20251005_153809",
  "parameters": {
    "algo": "xgb",
    "use_smote": true,
    "class_weight": null,
    "cv": 5,
    "random_state": 42,
    "target": "NSP",
    "use_normalized": false
  },
  "metrics": {
    "acc": 0.9460992907801419,
    "bacc": 0.9041876143401939,
    "f1_macro": 0.9019237913476046,
    "roc_auc_ovr": 0.9881332979375171
  }
}